<annotation>
	<folder>gt_train</folder>
	<filename>cTDaR_t10308.jpg</filename>
	<path>E:\KSK ML\gt_train\cTDaR_t10308.jpg</path>
	<source>
		<database>Unknown</database>
	</source>
	<size>
		<width>797</width>
		<height>1124</height>
		<depth>3</depth>
	</size>
	<segmented>0</segmented>
	<object>
		<name>borderless</name>
		<pose>Unspecified</pose>
		<truncated>0</truncated>
		<difficult>0</difficult>
		<bndbox>
			<xmin>53</xmin>
			<ymin>113</ymin>
			<xmax>736</xmax>
			<ymax>241</ymax>
		</bndbox>
	</object>
	<object>
		<name>borderless</name>
		<pose>Unspecified</pose>
		<truncated>0</truncated>
		<difficult>0</difficult>
		<bndbox>
			<xmin>53</xmin>
			<ymin>259</ymin>
			<xmax>736</xmax>
			<ymax>466</ymax>
		</bndbox>
	</object>
	<object>
		<name>borderless</name>
		<pose>Unspecified</pose>
		<truncated>0</truncated>
		<difficult>0</difficult>
		<bndbox>
			<xmin>53</xmin>
			<ymin>894</ymin>
			<xmax>736</xmax>
			<ymax>1002</ymax>
		</bndbox>
	</object>
	<object>
		<name>cell</name>
		<pose>Unspecified</pose>
		<truncated>0</truncated>
		<difficult>0</difficult>
		<bndbox>
			<xmin>57</xmin>
			<ymin>150</ymin>
			<xmax>138</xmax>
			<ymax>158</ymax>
		</bndbox>
	</object>
	<object>
		<name>cell</name>
		<pose>Unspecified</pose>
		<truncated>0</truncated>
		<difficult>0</difficult>
		<bndbox>
			<xmin>57</xmin>
			<ymin>164</ymin>
			<xmax>221</xmax>
			<ymax>172</ymax>
		</bndbox>
	</object>
	<object>
		<name>cell</name>
		<pose>Unspecified</pose>
		<truncated>0</truncated>
		<difficult>0</difficult>
		<bndbox>
			<xmin>57</xmin>
			<ymin>177</ymin>
			<xmax>141</xmax>
			<ymax>186</ymax>
		</bndbox>
	</object>
	<object>
		<name>cell</name>
		<pose>Unspecified</pose>
		<truncated>0</truncated>
		<difficult>0</difficult>
		<bndbox>
			<xmin>57</xmin>
			<ymin>191</ymin>
			<xmax>171</xmax>
			<ymax>199</ymax>
		</bndbox>
	</object>
	<object>
		<name>cell</name>
		<pose>Unspecified</pose>
		<truncated>0</truncated>
		<difficult>0</difficult>
		<bndbox>
			<xmin>57</xmin>
			<ymin>204</ymin>
			<xmax>148</xmax>
			<ymax>213</ymax>
		</bndbox>
	</object>
	<object>
		<name>cell</name>
		<pose>Unspecified</pose>
		<truncated>0</truncated>
		<difficult>0</difficult>
		<bndbox>
			<xmin>57</xmin>
			<ymin>217</ymin>
			<xmax>126</xmax>
			<ymax>226</ymax>
		</bndbox>
	</object>
	<object>
		<name>cell</name>
		<pose>Unspecified</pose>
		<truncated>0</truncated>
		<difficult>0</difficult>
		<bndbox>
			<xmin>57</xmin>
			<ymin>231</ymin>
			<xmax>101</xmax>
			<ymax>238</ymax>
		</bndbox>
	</object>
	<object>
		<name>cell</name>
		<pose>Unspecified</pose>
		<truncated>0</truncated>
		<difficult>0</difficult>
		<bndbox>
			<xmin>57</xmin>
			<ymin>309</ymin>
			<xmax>124</xmax>
			<ymax>318</ymax>
		</bndbox>
	</object>
	<object>
		<name>cell</name>
		<pose>Unspecified</pose>
		<truncated>0</truncated>
		<difficult>0</difficult>
		<bndbox>
			<xmin>65</xmin>
			<ymin>323</ymin>
			<xmax>131</xmax>
			<ymax>330</ymax>
		</bndbox>
	</object>
	<object>
		<name>cell</name>
		<pose>Unspecified</pose>
		<truncated>0</truncated>
		<difficult>0</difficult>
		<bndbox>
			<xmin>66</xmin>
			<ymin>336</ymin>
			<xmax>168</xmax>
			<ymax>343</ymax>
		</bndbox>
	</object>
	<object>
		<name>cell</name>
		<pose>Unspecified</pose>
		<truncated>0</truncated>
		<difficult>0</difficult>
		<bndbox>
			<xmin>67</xmin>
			<ymin>349</ymin>
			<xmax>190</xmax>
			<ymax>358</ymax>
		</bndbox>
	</object>
	<object>
		<name>cell</name>
		<pose>Unspecified</pose>
		<truncated>0</truncated>
		<difficult>0</difficult>
		<bndbox>
			<xmin>66</xmin>
			<ymin>362</ymin>
			<xmax>298</xmax>
			<ymax>371</ymax>
		</bndbox>
	</object>
	<object>
		<name>cell</name>
		<pose>Unspecified</pose>
		<truncated>0</truncated>
		<difficult>0</difficult>
		<bndbox>
			<xmin>65</xmin>
			<ymin>375</ymin>
			<xmax>255</xmax>
			<ymax>383</ymax>
		</bndbox>
	</object>
	<object>
		<name>cell</name>
		<pose>Unspecified</pose>
		<truncated>0</truncated>
		<difficult>0</difficult>
		<bndbox>
			<xmin>66</xmin>
			<ymin>389</ymin>
			<xmax>357</xmax>
			<ymax>398</ymax>
		</bndbox>
	</object>
	<object>
		<name>cell</name>
		<pose>Unspecified</pose>
		<truncated>0</truncated>
		<difficult>0</difficult>
		<bndbox>
			<xmin>67</xmin>
			<ymin>403</ymin>
			<xmax>213</xmax>
			<ymax>411</ymax>
		</bndbox>
	</object>
	<object>
		<name>cell</name>
		<pose>Unspecified</pose>
		<truncated>0</truncated>
		<difficult>0</difficult>
		<bndbox>
			<xmin>67</xmin>
			<ymin>429</ymin>
			<xmax>228</xmax>
			<ymax>438</ymax>
		</bndbox>
	</object>
	<object>
		<name>cell</name>
		<pose>Unspecified</pose>
		<truncated>0</truncated>
		<difficult>0</difficult>
		<bndbox>
			<xmin>57</xmin>
			<ymin>443</ymin>
			<xmax>138</xmax>
			<ymax>451</ymax>
		</bndbox>
	</object>
	<object>
		<name>cell</name>
		<pose>Unspecified</pose>
		<truncated>0</truncated>
		<difficult>0</difficult>
		<bndbox>
			<xmin>57</xmin>
			<ymin>456</ymin>
			<xmax>142</xmax>
			<ymax>463</ymax>
		</bndbox>
	</object>
	<object>
		<name>cell</name>
		<pose>Unspecified</pose>
		<truncated>0</truncated>
		<difficult>0</difficult>
		<bndbox>
			<xmin>57</xmin>
			<ymin>925</ymin>
			<xmax>169</xmax>
			<ymax>934</ymax>
		</bndbox>
	</object>
	<object>
		<name>cell</name>
		<pose>Unspecified</pose>
		<truncated>0</truncated>
		<difficult>0</difficult>
		<bndbox>
			<xmin>67</xmin>
			<ymin>938</ymin>
			<xmax>219</xmax>
			<ymax>946</ymax>
		</bndbox>
	</object>
	<object>
		<name>cell</name>
		<pose>Unspecified</pose>
		<truncated>0</truncated>
		<difficult>0</difficult>
		<bndbox>
			<xmin>66</xmin>
			<ymin>952</ymin>
			<xmax>158</xmax>
			<ymax>959</ymax>
		</bndbox>
	</object>
	<object>
		<name>cell</name>
		<pose>Unspecified</pose>
		<truncated>0</truncated>
		<difficult>0</difficult>
		<bndbox>
			<xmin>67</xmin>
			<ymin>965</ymin>
			<xmax>87</xmax>
			<ymax>972</ymax>
		</bndbox>
	</object>
	<object>
		<name>cell</name>
		<pose>Unspecified</pose>
		<truncated>0</truncated>
		<difficult>0</difficult>
		<bndbox>
			<xmin>57</xmin>
			<ymin>978</ymin>
			<xmax>182</xmax>
			<ymax>987</ymax>
		</bndbox>
	</object>
	<object>
		<name>cell</name>
		<pose>Unspecified</pose>
		<truncated>0</truncated>
		<difficult>0</difficult>
		<bndbox>
			<xmin>57</xmin>
			<ymin>992</ymin>
			<xmax>142</xmax>
			<ymax>998</ymax>
		</bndbox>
	</object>
	<object>
		<name>cell</name>
		<pose>Unspecified</pose>
		<truncated>0</truncated>
		<difficult>0</difficult>
		<bndbox>
			<xmin>577</xmin>
			<ymin>898</ymin>
			<xmax>598</xmax>
			<ymax>905</ymax>
		</bndbox>
	</object>
	<object>
		<name>cell</name>
		<pose>Unspecified</pose>
		<truncated>0</truncated>
		<difficult>0</difficult>
		<bndbox>
			<xmin>647</xmin>
			<ymin>898</ymin>
			<xmax>665</xmax>
			<ymax>906</ymax>
		</bndbox>
	</object>
	<object>
		<name>cell</name>
		<pose>Unspecified</pose>
		<truncated>0</truncated>
		<difficult>0</difficult>
		<bndbox>
			<xmin>713</xmin>
			<ymin>898</ymin>
			<xmax>731</xmax>
			<ymax>905</ymax>
		</bndbox>
	</object>
	<object>
		<name>cell</name>
		<pose>Unspecified</pose>
		<truncated>0</truncated>
		<difficult>0</difficult>
		<bndbox>
			<xmin>577</xmin>
			<ymin>137</ymin>
			<xmax>598</xmax>
			<ymax>144</ymax>
		</bndbox>
	</object>
	<object>
		<name>cell</name>
		<pose>Unspecified</pose>
		<truncated>0</truncated>
		<difficult>0</difficult>
		<bndbox>
			<xmin>647</xmin>
			<ymin>136</ymin>
			<xmax>665</xmax>
			<ymax>144</ymax>
		</bndbox>
	</object>
	<object>
		<name>cell</name>
		<pose>Unspecified</pose>
		<truncated>0</truncated>
		<difficult>0</difficult>
		<bndbox>
			<xmin>712</xmin>
			<ymin>137</ymin>
			<xmax>731</xmax>
			<ymax>144</ymax>
		</bndbox>
	</object>
	<object>
		<name>cell</name>
		<pose>Unspecified</pose>
		<truncated>0</truncated>
		<difficult>0</difficult>
		<bndbox>
			<xmin>563</xmin>
			<ymin>164</ymin>
			<xmax>599</xmax>
			<ymax>171</ymax>
		</bndbox>
	</object>
	<object>
		<name>cell</name>
		<pose>Unspecified</pose>
		<truncated>0</truncated>
		<difficult>0</difficult>
		<bndbox>
			<xmin>634</xmin>
			<ymin>164</ymin>
			<xmax>667</xmax>
			<ymax>171</ymax>
		</bndbox>
	</object>
	<object>
		<name>cell</name>
		<pose>Unspecified</pose>
		<truncated>0</truncated>
		<difficult>0</difficult>
		<bndbox>
			<xmin>700</xmin>
			<ymin>164</ymin>
			<xmax>733</xmax>
			<ymax>171</ymax>
		</bndbox>
	</object>
	<object>
		<name>cell</name>
		<pose>Unspecified</pose>
		<truncated>0</truncated>
		<difficult>0</difficult>
		<bndbox>
			<xmin>567</xmin>
			<ymin>177</ymin>
			<xmax>599</xmax>
			<ymax>185</ymax>
		</bndbox>
	</object>
	<object>
		<name>cell</name>
		<pose>Unspecified</pose>
		<truncated>0</truncated>
		<difficult>0</difficult>
		<bndbox>
			<xmin>639</xmin>
			<ymin>177</ymin>
			<xmax>665</xmax>
			<ymax>184</ymax>
		</bndbox>
	</object>
	<object>
		<name>cell</name>
		<pose>Unspecified</pose>
		<truncated>0</truncated>
		<difficult>0</difficult>
		<bndbox>
			<xmin>705</xmin>
			<ymin>177</ymin>
			<xmax>732</xmax>
			<ymax>184</ymax>
		</bndbox>
	</object>
	<object>
		<name>cell</name>
		<pose>Unspecified</pose>
		<truncated>0</truncated>
		<difficult>0</difficult>
		<bndbox>
			<xmin>567</xmin>
			<ymin>191</ymin>
			<xmax>599</xmax>
			<ymax>198</ymax>
		</bndbox>
	</object>
	<object>
		<name>cell</name>
		<pose>Unspecified</pose>
		<truncated>0</truncated>
		<difficult>0</difficult>
		<bndbox>
			<xmin>638</xmin>
			<ymin>191</ymin>
			<xmax>666</xmax>
			<ymax>198</ymax>
		</bndbox>
	</object>
	<object>
		<name>cell</name>
		<pose>Unspecified</pose>
		<truncated>0</truncated>
		<difficult>0</difficult>
		<bndbox>
			<xmin>705</xmin>
			<ymin>191</ymin>
			<xmax>732</xmax>
			<ymax>198</ymax>
		</bndbox>
	</object>
	<object>
		<name>cell</name>
		<pose>Unspecified</pose>
		<truncated>0</truncated>
		<difficult>0</difficult>
		<bndbox>
			<xmin>574</xmin>
			<ymin>203</ymin>
			<xmax>599</xmax>
			<ymax>212</ymax>
		</bndbox>
	</object>
	<object>
		<name>cell</name>
		<pose>Unspecified</pose>
		<truncated>0</truncated>
		<difficult>0</difficult>
		<bndbox>
			<xmin>644</xmin>
			<ymin>204</ymin>
			<xmax>666</xmax>
			<ymax>211</ymax>
		</bndbox>
	</object>
	<object>
		<name>cell</name>
		<pose>Unspecified</pose>
		<truncated>0</truncated>
		<difficult>0</difficult>
		<bndbox>
			<xmin>710</xmin>
			<ymin>204</ymin>
			<xmax>733</xmax>
			<ymax>212</ymax>
		</bndbox>
	</object>
	<object>
		<name>cell</name>
		<pose>Unspecified</pose>
		<truncated>0</truncated>
		<difficult>0</difficult>
		<bndbox>
			<xmin>575</xmin>
			<ymin>217</ymin>
			<xmax>599</xmax>
			<ymax>226</ymax>
		</bndbox>
	</object>
	<object>
		<name>cell</name>
		<pose>Unspecified</pose>
		<truncated>0</truncated>
		<difficult>0</difficult>
		<bndbox>
			<xmin>644</xmin>
			<ymin>217</ymin>
			<xmax>666</xmax>
			<ymax>225</ymax>
		</bndbox>
	</object>
	<object>
		<name>cell</name>
		<pose>Unspecified</pose>
		<truncated>0</truncated>
		<difficult>0</difficult>
		<bndbox>
			<xmin>707</xmin>
			<ymin>217</ymin>
			<xmax>733</xmax>
			<ymax>225</ymax>
		</bndbox>
	</object>
	<object>
		<name>cell</name>
		<pose>Unspecified</pose>
		<truncated>0</truncated>
		<difficult>0</difficult>
		<bndbox>
			<xmin>563</xmin>
			<ymin>230</ymin>
			<xmax>599</xmax>
			<ymax>239</ymax>
		</bndbox>
	</object>
	<object>
		<name>cell</name>
		<pose>Unspecified</pose>
		<truncated>0</truncated>
		<difficult>0</difficult>
		<bndbox>
			<xmin>634</xmin>
			<ymin>230</ymin>
			<xmax>665</xmax>
			<ymax>239</ymax>
		</bndbox>
	</object>
	<object>
		<name>cell</name>
		<pose>Unspecified</pose>
		<truncated>0</truncated>
		<difficult>0</difficult>
		<bndbox>
			<xmin>701</xmin>
			<ymin>230</ymin>
			<xmax>733</xmax>
			<ymax>239</ymax>
		</bndbox>
	</object>
	<object>
		<name>cell</name>
		<pose>Unspecified</pose>
		<truncated>0</truncated>
		<difficult>0</difficult>
		<bndbox>
			<xmin>66</xmin>
			<ymin>415</ymin>
			<xmax>369</xmax>
			<ymax>424</ymax>
		</bndbox>
	</object>
	<object>
		<name>cell</name>
		<pose>Unspecified</pose>
		<truncated>0</truncated>
		<difficult>0</difficult>
		<bndbox>
			<xmin>644</xmin>
			<ymin>282</ymin>
			<xmax>665</xmax>
			<ymax>303</ymax>
		</bndbox>
	</object>
	<object>
		<name>cell</name>
		<pose>Unspecified</pose>
		<truncated>0</truncated>
		<difficult>0</difficult>
		<bndbox>
			<xmin>714</xmin>
			<ymin>283</ymin>
			<xmax>732</xmax>
			<ymax>302</ymax>
		</bndbox>
	</object>
	<object>
		<name>cell</name>
		<pose>Unspecified</pose>
		<truncated>0</truncated>
		<difficult>0</difficult>
		<bndbox>
			<xmin>642</xmin>
			<ymin>309</ymin>
			<xmax>666</xmax>
			<ymax>317</ymax>
		</bndbox>
	</object>
	<object>
		<name>cell</name>
		<pose>Unspecified</pose>
		<truncated>0</truncated>
		<difficult>0</difficult>
		<bndbox>
			<xmin>710</xmin>
			<ymin>309</ymin>
			<xmax>733</xmax>
			<ymax>317</ymax>
		</bndbox>
	</object>
	<object>
		<name>cell</name>
		<pose>Unspecified</pose>
		<truncated>0</truncated>
		<difficult>0</difficult>
		<bndbox>
			<xmin>710</xmin>
			<ymin>323</ymin>
			<xmax>733</xmax>
			<ymax>330</ymax>
		</bndbox>
	</object>
	<object>
		<name>cell</name>
		<pose>Unspecified</pose>
		<truncated>0</truncated>
		<difficult>0</difficult>
		<bndbox>
			<xmin>649</xmin>
			<ymin>336</ymin>
			<xmax>666</xmax>
			<ymax>343</ymax>
		</bndbox>
	</object>
	<object>
		<name>cell</name>
		<pose>Unspecified</pose>
		<truncated>0</truncated>
		<difficult>0</difficult>
		<bndbox>
			<xmin>717</xmin>
			<ymin>336</ymin>
			<xmax>733</xmax>
			<ymax>344</ymax>
		</bndbox>
	</object>
	<object>
		<name>cell</name>
		<pose>Unspecified</pose>
		<truncated>0</truncated>
		<difficult>0</difficult>
		<bndbox>
			<xmin>649</xmin>
			<ymin>349</ymin>
			<xmax>666</xmax>
			<ymax>356</ymax>
		</bndbox>
	</object>
	<object>
		<name>cell</name>
		<pose>Unspecified</pose>
		<truncated>0</truncated>
		<difficult>0</difficult>
		<bndbox>
			<xmin>718</xmin>
			<ymin>349</ymin>
			<xmax>733</xmax>
			<ymax>356</ymax>
		</bndbox>
	</object>
	<object>
		<name>cell</name>
		<pose>Unspecified</pose>
		<truncated>0</truncated>
		<difficult>0</difficult>
		<bndbox>
			<xmin>655</xmin>
			<ymin>363</ymin>
			<xmax>666</xmax>
			<ymax>370</ymax>
		</bndbox>
	</object>
	<object>
		<name>cell</name>
		<pose>Unspecified</pose>
		<truncated>0</truncated>
		<difficult>0</difficult>
		<bndbox>
			<xmin>723</xmin>
			<ymin>363</ymin>
			<xmax>732</xmax>
			<ymax>370</ymax>
		</bndbox>
	</object>
	<object>
		<name>cell</name>
		<pose>Unspecified</pose>
		<truncated>0</truncated>
		<difficult>0</difficult>
		<bndbox>
			<xmin>716</xmin>
			<ymin>375</ymin>
			<xmax>735</xmax>
			<ymax>384</ymax>
		</bndbox>
	</object>
	<object>
		<name>cell</name>
		<pose>Unspecified</pose>
		<truncated>0</truncated>
		<difficult>0</difficult>
		<bndbox>
			<xmin>650</xmin>
			<ymin>389</ymin>
			<xmax>665</xmax>
			<ymax>396</ymax>
		</bndbox>
	</object>
	<object>
		<name>cell</name>
		<pose>Unspecified</pose>
		<truncated>0</truncated>
		<difficult>0</difficult>
		<bndbox>
			<xmin>655</xmin>
			<ymin>402</ymin>
			<xmax>668</xmax>
			<ymax>412</ymax>
		</bndbox>
	</object>
	<object>
		<name>cell</name>
		<pose>Unspecified</pose>
		<truncated>0</truncated>
		<difficult>0</difficult>
		<bndbox>
			<xmin>649</xmin>
			<ymin>415</ymin>
			<xmax>666</xmax>
			<ymax>423</ymax>
		</bndbox>
	</object>
	<object>
		<name>cell</name>
		<pose>Unspecified</pose>
		<truncated>0</truncated>
		<difficult>0</difficult>
		<bndbox>
			<xmin>716</xmin>
			<ymin>416</ymin>
			<xmax>736</xmax>
			<ymax>424</ymax>
		</bndbox>
	</object>
	<object>
		<name>cell</name>
		<pose>Unspecified</pose>
		<truncated>0</truncated>
		<difficult>0</difficult>
		<bndbox>
			<xmin>723</xmin>
			<ymin>429</ymin>
			<xmax>733</xmax>
			<ymax>436</ymax>
		</bndbox>
	</object>
	<object>
		<name>cell</name>
		<pose>Unspecified</pose>
		<truncated>0</truncated>
		<difficult>0</difficult>
		<bndbox>
			<xmin>715</xmin>
			<ymin>443</ymin>
			<xmax>738</xmax>
			<ymax>450</ymax>
		</bndbox>
	</object>
	<object>
		<name>cell</name>
		<pose>Unspecified</pose>
		<truncated>0</truncated>
		<difficult>0</difficult>
		<bndbox>
			<xmin>711</xmin>
			<ymin>456</ymin>
			<xmax>733</xmax>
			<ymax>463</ymax>
		</bndbox>
	</object>
	<object>
		<name>cell</name>
		<pose>Unspecified</pose>
		<truncated>0</truncated>
		<difficult>0</difficult>
		<bndbox>
			<xmin>642</xmin>
			<ymin>455</ymin>
			<xmax>666</xmax>
			<ymax>463</ymax>
		</bndbox>
	</object>
	<object>
		<name>cell</name>
		<pose>Unspecified</pose>
		<truncated>0</truncated>
		<difficult>0</difficult>
		<bndbox>
			<xmin>574</xmin>
			<ymin>924</ymin>
			<xmax>599</xmax>
			<ymax>933</ymax>
		</bndbox>
	</object>
	<object>
		<name>cell</name>
		<pose>Unspecified</pose>
		<truncated>0</truncated>
		<difficult>0</difficult>
		<bndbox>
			<xmin>642</xmin>
			<ymin>925</ymin>
			<xmax>664</xmax>
			<ymax>933</ymax>
		</bndbox>
	</object>
	<object>
		<name>cell</name>
		<pose>Unspecified</pose>
		<truncated>0</truncated>
		<difficult>0</difficult>
		<bndbox>
			<xmin>709</xmin>
			<ymin>924</ymin>
			<xmax>731</xmax>
			<ymax>932</ymax>
		</bndbox>
	</object>
	<object>
		<name>cell</name>
		<pose>Unspecified</pose>
		<truncated>0</truncated>
		<difficult>0</difficult>
		<bndbox>
			<xmin>575</xmin>
			<ymin>938</ymin>
			<xmax>599</xmax>
			<ymax>946</ymax>
		</bndbox>
	</object>
	<object>
		<name>cell</name>
		<pose>Unspecified</pose>
		<truncated>0</truncated>
		<difficult>0</difficult>
		<bndbox>
			<xmin>643</xmin>
			<ymin>938</ymin>
			<xmax>664</xmax>
			<ymax>946</ymax>
		</bndbox>
	</object>
	<object>
		<name>cell</name>
		<pose>Unspecified</pose>
		<truncated>0</truncated>
		<difficult>0</difficult>
		<bndbox>
			<xmin>710</xmin>
			<ymin>938</ymin>
			<xmax>732</xmax>
			<ymax>945</ymax>
		</bndbox>
	</object>
	<object>
		<name>cell</name>
		<pose>Unspecified</pose>
		<truncated>0</truncated>
		<difficult>0</difficult>
		<bndbox>
			<xmin>582</xmin>
			<ymin>952</ymin>
			<xmax>599</xmax>
			<ymax>959</ymax>
		</bndbox>
	</object>
	<object>
		<name>cell</name>
		<pose>Unspecified</pose>
		<truncated>0</truncated>
		<difficult>0</difficult>
		<bndbox>
			<xmin>650</xmin>
			<ymin>952</ymin>
			<xmax>664</xmax>
			<ymax>959</ymax>
		</bndbox>
	</object>
	<object>
		<name>cell</name>
		<pose>Unspecified</pose>
		<truncated>0</truncated>
		<difficult>0</difficult>
		<bndbox>
			<xmin>716</xmin>
			<ymin>952</ymin>
			<xmax>731</xmax>
			<ymax>959</ymax>
		</bndbox>
	</object>
	<object>
		<name>cell</name>
		<pose>Unspecified</pose>
		<truncated>0</truncated>
		<difficult>0</difficult>
		<bndbox>
			<xmin>588</xmin>
			<ymin>965</ymin>
			<xmax>599</xmax>
			<ymax>972</ymax>
		</bndbox>
	</object>
	<object>
		<name>cell</name>
		<pose>Unspecified</pose>
		<truncated>0</truncated>
		<difficult>0</difficult>
		<bndbox>
			<xmin>655</xmin>
			<ymin>965</ymin>
			<xmax>665</xmax>
			<ymax>972</ymax>
		</bndbox>
	</object>
	<object>
		<name>cell</name>
		<pose>Unspecified</pose>
		<truncated>0</truncated>
		<difficult>0</difficult>
		<bndbox>
			<xmin>722</xmin>
			<ymin>965</ymin>
			<xmax>731</xmax>
			<ymax>972</ymax>
		</bndbox>
	</object>
	<object>
		<name>cell</name>
		<pose>Unspecified</pose>
		<truncated>0</truncated>
		<difficult>0</difficult>
		<bndbox>
			<xmin>588</xmin>
			<ymin>978</ymin>
			<xmax>599</xmax>
			<ymax>985</ymax>
		</bndbox>
	</object>
	<object>
		<name>cell</name>
		<pose>Unspecified</pose>
		<truncated>0</truncated>
		<difficult>0</difficult>
		<bndbox>
			<xmin>656</xmin>
			<ymin>978</ymin>
			<xmax>666</xmax>
			<ymax>985</ymax>
		</bndbox>
	</object>
	<object>
		<name>cell</name>
		<pose>Unspecified</pose>
		<truncated>0</truncated>
		<difficult>0</difficult>
		<bndbox>
			<xmin>722</xmin>
			<ymin>978</ymin>
			<xmax>731</xmax>
			<ymax>986</ymax>
		</bndbox>
	</object>
	<object>
		<name>cell</name>
		<pose>Unspecified</pose>
		<truncated>0</truncated>
		<difficult>0</difficult>
		<bndbox>
			<xmin>574</xmin>
			<ymin>991</ymin>
			<xmax>599</xmax>
			<ymax>999</ymax>
		</bndbox>
	</object>
	<object>
		<name>cell</name>
		<pose>Unspecified</pose>
		<truncated>0</truncated>
		<difficult>0</difficult>
		<bndbox>
			<xmin>642</xmin>
			<ymin>991</ymin>
			<xmax>664</xmax>
			<ymax>1000</ymax>
		</bndbox>
	</object>
	<object>
		<name>cell</name>
		<pose>Unspecified</pose>
		<truncated>0</truncated>
		<difficult>0</difficult>
		<bndbox>
			<xmin>709</xmin>
			<ymin>992</ymin>
			<xmax>731</xmax>
			<ymax>999</ymax>
		</bndbox>
	</object>
</annotation>
