<annotation>
	<folder>Deva</folder>
	<filename>cTDaR_t10528.jpg</filename>
	<path>/media/devashish/Local Disk/Research/Projects/Table Project/Chunk/reinforcement/Deva/cTDaR_t10528.jpg</path>
	<source>
		<database>Unknown</database>
	</source>
	<size>
		<width>794</width>
		<height>1059</height>
		<depth>3</depth>
	</size>
	<segmented>0</segmented>
	<object>
		<name>borderless</name>
		<pose>Unspecified</pose>
		<truncated>0</truncated>
		<difficult>0</difficult>
		<bndbox>
			<xmin>145</xmin>
			<ymin>154</ymin>
			<xmax>684</xmax>
			<ymax>570</ymax>
		</bndbox>
	</object>
	<object>
		<name>cell</name>
		<pose>Unspecified</pose>
		<truncated>0</truncated>
		<difficult>0</difficult>
		<bndbox>
			<xmin>383</xmin>
			<ymin>154</ymin>
			<xmax>468</xmax>
			<ymax>187</ymax>
		</bndbox>
	</object>
	<object>
		<name>cell</name>
		<pose>Unspecified</pose>
		<truncated>0</truncated>
		<difficult>0</difficult>
		<bndbox>
			<xmin>535</xmin>
			<ymin>152</ymin>
			<xmax>668</xmax>
			<ymax>185</ymax>
		</bndbox>
	</object>
	<object>
		<name>cell</name>
		<pose>Unspecified</pose>
		<truncated>0</truncated>
		<difficult>0</difficult>
		<bndbox>
			<xmin>564</xmin>
			<ymin>198</ymin>
			<xmax>594</xmax>
			<ymax>212</ymax>
		</bndbox>
	</object>
	<object>
		<name>cell</name>
		<pose>Unspecified</pose>
		<truncated>0</truncated>
		<difficult>0</difficult>
		<bndbox>
			<xmin>651</xmin>
			<ymin>198</ymin>
			<xmax>682</xmax>
			<ymax>211</ymax>
		</bndbox>
	</object>
	<object>
		<name>cell</name>
		<pose>Unspecified</pose>
		<truncated>0</truncated>
		<difficult>0</difficult>
		<bndbox>
			<xmin>474</xmin>
			<ymin>197</ymin>
			<xmax>506</xmax>
			<ymax>211</ymax>
		</bndbox>
	</object>
	<object>
		<name>cell</name>
		<pose>Unspecified</pose>
		<truncated>0</truncated>
		<difficult>0</difficult>
		<bndbox>
			<xmin>387</xmin>
			<ymin>198</ymin>
			<xmax>418</xmax>
			<ymax>210</ymax>
		</bndbox>
	</object>
	<object>
		<name>cell</name>
		<pose>Unspecified</pose>
		<truncated>0</truncated>
		<difficult>0</difficult>
		<bndbox>
			<xmin>450</xmin>
			<ymin>223</ymin>
			<xmax>575</xmax>
			<ymax>239</ymax>
		</bndbox>
	</object>
	<object>
		<name>cell</name>
		<pose>Unspecified</pose>
		<truncated>0</truncated>
		<difficult>0</difficult>
		<bndbox>
			<xmin>524</xmin>
			<ymin>251</ymin>
			<xmax>593</xmax>
			<ymax>261</ymax>
		</bndbox>
	</object>
	<object>
		<name>cell</name>
		<pose>Unspecified</pose>
		<truncated>0</truncated>
		<difficult>0</difficult>
		<bndbox>
			<xmin>364</xmin>
			<ymin>313</ymin>
			<xmax>423</xmax>
			<ymax>326</ymax>
		</bndbox>
	</object>
	<object>
		<name>cell</name>
		<pose>Unspecified</pose>
		<truncated>0</truncated>
		<difficult>0</difficult>
		<bndbox>
			<xmin>451</xmin>
			<ymin>313</ymin>
			<xmax>510</xmax>
			<ymax>327</ymax>
		</bndbox>
	</object>
	<object>
		<name>cell</name>
		<pose>Unspecified</pose>
		<truncated>0</truncated>
		<difficult>0</difficult>
		<bndbox>
			<xmin>539</xmin>
			<ymin>314</ymin>
			<xmax>597</xmax>
			<ymax>326</ymax>
		</bndbox>
	</object>
	<object>
		<name>cell</name>
		<pose>Unspecified</pose>
		<truncated>0</truncated>
		<difficult>0</difficult>
		<bndbox>
			<xmin>627</xmin>
			<ymin>314</ymin>
			<xmax>684</xmax>
			<ymax>327</ymax>
		</bndbox>
	</object>
	<object>
		<name>cell</name>
		<pose>Unspecified</pose>
		<truncated>0</truncated>
		<difficult>0</difficult>
		<bndbox>
			<xmin>363</xmin>
			<ymin>352</ymin>
			<xmax>423</xmax>
			<ymax>366</ymax>
		</bndbox>
	</object>
	<object>
		<name>cell</name>
		<pose>Unspecified</pose>
		<truncated>0</truncated>
		<difficult>0</difficult>
		<bndbox>
			<xmin>456</xmin>
			<ymin>351</ymin>
			<xmax>505</xmax>
			<ymax>365</ymax>
		</bndbox>
	</object>
	<object>
		<name>cell</name>
		<pose>Unspecified</pose>
		<truncated>0</truncated>
		<difficult>0</difficult>
		<bndbox>
			<xmin>545</xmin>
			<ymin>353</ymin>
			<xmax>592</xmax>
			<ymax>364</ymax>
		</bndbox>
	</object>
	<object>
		<name>cell</name>
		<pose>Unspecified</pose>
		<truncated>0</truncated>
		<difficult>0</difficult>
		<bndbox>
			<xmin>627</xmin>
			<ymin>352</ymin>
			<xmax>685</xmax>
			<ymax>367</ymax>
		</bndbox>
	</object>
	<object>
		<name>cell</name>
		<pose>Unspecified</pose>
		<truncated>0</truncated>
		<difficult>0</difficult>
		<bndbox>
			<xmin>357</xmin>
			<ymin>392</ymin>
			<xmax>417</xmax>
			<ymax>405</ymax>
		</bndbox>
	</object>
	<object>
		<name>cell</name>
		<pose>Unspecified</pose>
		<truncated>0</truncated>
		<difficult>0</difficult>
		<bndbox>
			<xmin>478</xmin>
			<ymin>393</ymin>
			<xmax>510</xmax>
			<ymax>406</ymax>
		</bndbox>
	</object>
	<object>
		<name>cell</name>
		<pose>Unspecified</pose>
		<truncated>0</truncated>
		<difficult>0</difficult>
		<bndbox>
			<xmin>565</xmin>
			<ymin>391</ymin>
			<xmax>597</xmax>
			<ymax>405</ymax>
		</bndbox>
	</object>
	<object>
		<name>cell</name>
		<pose>Unspecified</pose>
		<truncated>0</truncated>
		<difficult>0</difficult>
		<bndbox>
			<xmin>622</xmin>
			<ymin>391</ymin>
			<xmax>680</xmax>
			<ymax>405</ymax>
		</bndbox>
	</object>
	<object>
		<name>cell</name>
		<pose>Unspecified</pose>
		<truncated>0</truncated>
		<difficult>0</difficult>
		<bndbox>
			<xmin>144</xmin>
			<ymin>294</ymin>
			<xmax>277</xmax>
			<ymax>328</ymax>
		</bndbox>
	</object>
	<object>
		<name>cell</name>
		<pose>Unspecified</pose>
		<truncated>0</truncated>
		<difficult>0</difficult>
		<bndbox>
			<xmin>144</xmin>
			<ymin>332</ymin>
			<xmax>292</xmax>
			<ymax>364</ymax>
		</bndbox>
	</object>
	<object>
		<name>cell</name>
		<pose>Unspecified</pose>
		<truncated>0</truncated>
		<difficult>0</difficult>
		<bndbox>
			<xmin>145</xmin>
			<ymin>371</ymin>
			<xmax>293</xmax>
			<ymax>407</ymax>
		</bndbox>
	</object>
	<object>
		<name>cell</name>
		<pose>Unspecified</pose>
		<truncated>0</truncated>
		<difficult>0</difficult>
		<bndbox>
			<xmin>145</xmin>
			<ymin>435</ymin>
			<xmax>317</xmax>
			<ymax>469</ymax>
		</bndbox>
	</object>
	<object>
		<name>cell</name>
		<pose>Unspecified</pose>
		<truncated>0</truncated>
		<difficult>0</difficult>
		<bndbox>
			<xmin>376</xmin>
			<ymin>457</ymin>
			<xmax>417</xmax>
			<ymax>470</ymax>
		</bndbox>
	</object>
	<object>
		<name>cell</name>
		<pose>Unspecified</pose>
		<truncated>0</truncated>
		<difficult>0</difficult>
		<bndbox>
			<xmin>462</xmin>
			<ymin>457</ymin>
			<xmax>505</xmax>
			<ymax>470</ymax>
		</bndbox>
	</object>
	<object>
		<name>cell</name>
		<pose>Unspecified</pose>
		<truncated>0</truncated>
		<difficult>0</difficult>
		<bndbox>
			<xmin>552</xmin>
			<ymin>455</ymin>
			<xmax>598</xmax>
			<ymax>470</ymax>
		</bndbox>
	</object>
	<object>
		<name>cell</name>
		<pose>Unspecified</pose>
		<truncated>0</truncated>
		<difficult>0</difficult>
		<bndbox>
			<xmin>632</xmin>
			<ymin>455</ymin>
			<xmax>680</xmax>
			<ymax>469</ymax>
		</bndbox>
	</object>
	<object>
		<name>cell</name>
		<pose>Unspecified</pose>
		<truncated>0</truncated>
		<difficult>0</difficult>
		<bndbox>
			<xmin>145</xmin>
			<ymin>507</ymin>
			<xmax>318</xmax>
			<ymax>563</ymax>
		</bndbox>
	</object>
	<object>
		<name>cell</name>
		<pose>Unspecified</pose>
		<truncated>0</truncated>
		<difficult>0</difficult>
		<bndbox>
			<xmin>364</xmin>
			<ymin>545</ymin>
			<xmax>422</xmax>
			<ymax>560</ymax>
		</bndbox>
	</object>
	<object>
		<name>cell</name>
		<pose>Unspecified</pose>
		<truncated>0</truncated>
		<difficult>0</difficult>
		<bndbox>
			<xmin>451</xmin>
			<ymin>546</ymin>
			<xmax>511</xmax>
			<ymax>560</ymax>
		</bndbox>
	</object>
	<object>
		<name>cell</name>
		<pose>Unspecified</pose>
		<truncated>0</truncated>
		<difficult>0</difficult>
		<bndbox>
			<xmin>539</xmin>
			<ymin>546</ymin>
			<xmax>598</xmax>
			<ymax>561</ymax>
		</bndbox>
	</object>
	<object>
		<name>cell</name>
		<pose>Unspecified</pose>
		<truncated>0</truncated>
		<difficult>0</difficult>
		<bndbox>
			<xmin>627</xmin>
			<ymin>547</ymin>
			<xmax>684</xmax>
			<ymax>564</ymax>
		</bndbox>
	</object>
</annotation>
