<annotation>
	<folder>250</folder>
	<filename>cTDaR_t10058.jpg</filename>
	<path>/home/neo/Desktop/Table Structure Extraction/SET/250/cTDaR_t10058.jpg</path>
	<source>
		<database>Unknown</database>
	</source>
	<size>
		<width>1031</width>
		<height>1459</height>
		<depth>1</depth>
	</size>
	<segmented>0</segmented>
	<object>
		<name>bordered</name>
		<pose>Unspecified</pose>
		<truncated>0</truncated>
		<difficult>0</difficult>
		<bndbox>
			<xmin>300</xmin>
			<ymin>181</ymin>
			<xmax>754</xmax>
			<ymax>370</ymax>
		</bndbox>
	</object>
</annotation>
