<annotation>
	<folder>4_ksk</folder>
	<filename>cTDaR_t10511.jpg</filename>
	<path>E:\KSK ML\KSK PAPERS\TabXNet\4_ksk\cTDaR_t10511.jpg</path>
	<source>
		<database>Unknown</database>
	</source>
	<size>
		<width>1032</width>
		<height>1460</height>
		<depth>1</depth>
	</size>
	<segmented>0</segmented>
	<object>
		<name>bordered</name>
		<pose>Unspecified</pose>
		<truncated>0</truncated>
		<difficult>0</difficult>
		<bndbox>
			<xmin>140</xmin>
			<ymin>730</ymin>
			<xmax>714</xmax>
			<ymax>1099</ymax>
		</bndbox>
	</object>
</annotation>
